<?xml version="1.0" encoding="utf-8"?>
<odoo>
    <record id="create_dashboards_menu" model="res.groups">
        <field name="name">Create dashboard menu</field>
        <field name="comment">User will be able to create menu to show the dashboard</field>
        <field name="category_id" ref="base.module_category_usability"/>
        <field name="implied_ids" eval="[(4, ref('base.group_user'))]"/>
        <field name="users" eval="[(4, ref('base.user_root')), (4, ref('base.user_admin'))]"/>
    </record>
</odoo>