<?xml version="1.0" encoding="UTF-8"?>
<openerp>
    <data noupdate="1">
        <record id="cron" model="ir.cron">
            <field name="name">Run OCR on uploaded documents</field>
            <field name="interval_type">days</field>
            <field name="interval_number">1</field>
            <field name="model">ir.attachment</field>
            <field name="function">_ocr_cron</field>
            <field name="numbercall">-1</field>
            <field name="args">(100,)</field>
        </record>
    </data>
</openerp>
