<?xml version="1.0" encoding="utf-8"?>
<odoo>
    <data noupdate="1">
        <record id="openai_odoo_connector.partner_ai" model="res.partner">
            <field name="name">OpenAI Odoo helper</field>
            <field name="company_id" ref="base.main_company"/>
            <field name="email">OpenAI@OpenAI.com</field>
            <field name="active" eval="False"/>
            <field name="image_1920" type="base64" file="openai_odoo_connector/data/openai-odoo-avatar.png"/>
        </record>

        <record id="openai_odoo_connector.user_ai" model="res.users">
            <field name="login">OpenAI</field>
            <field name="partner_id" ref="openai_odoo_connector.partner_ai"/>
            <field name="company_id" ref="base.main_company"/>
            <field name="company_ids" eval="[Command.link(ref('base.main_company'))]"/>
            <field name="signature"><![CDATA[<span>-- <br/>
AI</span>]]></field>
            <field name="active" eval="False"/>
        </record>
    </data>
</odoo>